[
    {
        "idkolegij": 183357,
        "kolegij_naziv": "Uvod u programiranje                              ",
        "semestar": "zimski",
        "ects": 7,
        "predavanja": 60,
        "laboratorijske": 18,
        "auditorne": 0,
        "studij": "preddiplomski                 ",
        "smjer": null,
        "godina": 1,
        "idprofil": null,
        "profil_naziv": null,
        "idnositelj": 1,
        "ime": "Gordan              ",
        "prezime": "Gledec                        ",
        "titula": "Prof. dr. sc.       "
    },
    {
        "idkolegij": 183357,
        "kolegij_naziv": "Uvod u programiranje                              ",
        "semestar": "zimski",
        "ects": 7,
        "predavanja": 60,
        "laboratorijske": 18,
        "auditorne": 0,
        "studij": "preddiplomski                 ",
        "smjer": null,
        "godina": 1,
        "idprofil": null,
        "profil_naziv": null,
        "idnositelj": 2,
        "ime": "Vedran              ",
        "prezime": "Mornar                        ",
        "titula": "Prof. dr. sc.       "
    },
    {
        "idkolegij": 183371,
        "kolegij_naziv": "Objektno orijentirano programiranje               ",
        "semestar": "ljetni",
        "ects": 8,
        "predavanja": 60,
        "laboratorijske": 18,
        "auditorne": 15,
        "studij": "preddiplomski                 ",
        "smjer": null,
        "godina": 1,
        "idprofil": null,
        "profil_naziv": null,
        "idnositelj": 3,
        "ime": "Mario               ",
        "prezime": "Kušek                         ",
        "titula": "Prof. dr. sc.       "
    },
    {
        "idkolegij": 183371,
        "kolegij_naziv": "Objektno orijentirano programiranje               ",
        "semestar": "ljetni",
        "ects": 8,
        "predavanja": 60,
        "laboratorijske": 18,
        "auditorne": 15,
        "studij": "preddiplomski                 ",
        "smjer": null,
        "godina": 1,
        "idprofil": null,
        "profil_naziv": null,
        "idnositelj": 4,
        "ime": "Krešimir            ",
        "prezime": "Pripužić                      ",
        "titula": "Izv. prof. dr. sc.  "
    },
    {
        "idkolegij": 183371,
        "kolegij_naziv": "Objektno orijentirano programiranje               ",
        "semestar": "ljetni",
        "ects": 8,
        "predavanja": 60,
        "laboratorijske": 18,
        "auditorne": 15,
        "studij": "preddiplomski                 ",
        "smjer": null,
        "godina": 1,
        "idprofil": null,
        "profil_naziv": null,
        "idnositelj": 5,
        "ime": "Boris               ",
        "prezime": "Milašinović                   ",
        "titula": "Izv. prof. dr. sc.  "
    },
    {
        "idkolegij": 183371,
        "kolegij_naziv": "Objektno orijentirano programiranje               ",
        "semestar": "ljetni",
        "ects": 8,
        "predavanja": 60,
        "laboratorijske": 18,
        "auditorne": 15,
        "studij": "preddiplomski                 ",
        "smjer": null,
        "godina": 1,
        "idprofil": null,
        "profil_naziv": null,
        "idnositelj": 6,
        "ime": "Mirko               ",
        "prezime": "Randić                        ",
        "titula": "Izv. prof. dr. sc.  "
    },
    {
        "idkolegij": 183384,
        "kolegij_naziv": "Električni krugovi                                ",
        "semestar": "zimski",
        "ects": 5,
        "predavanja": 60,
        "laboratorijske": 12,
        "auditorne": 0,
        "studij": "preddiplomski                 ",
        "smjer": "Elektrotehnika i informacijska tehnologija        ",
        "godina": 2,
        "idprofil": null,
        "profil_naziv": null,
        "idnositelj": 7,
        "ime": "Dražen              ",
        "prezime": "Jurišić                       ",
        "titula": "Prof. dr. sc.       "
    },
    {
        "idkolegij": 183384,
        "kolegij_naziv": "Električni krugovi                                ",
        "semestar": "zimski",
        "ects": 5,
        "predavanja": 60,
        "laboratorijske": 12,
        "auditorne": 0,
        "studij": "preddiplomski                 ",
        "smjer": "Elektrotehnika i informacijska tehnologija        ",
        "godina": 2,
        "idprofil": null,
        "profil_naziv": null,
        "idnositelj": 8,
        "ime": "Igor                ",
        "prezime": "Lacković                      ",
        "titula": "Prof. dr. sc.       "
    },
    {
        "idkolegij": 183384,
        "kolegij_naziv": "Električni krugovi                                ",
        "semestar": "zimski",
        "ects": 5,
        "predavanja": 60,
        "laboratorijske": 12,
        "auditorne": 0,
        "studij": "preddiplomski                 ",
        "smjer": "Elektrotehnika i informacijska tehnologija        ",
        "godina": 2,
        "idprofil": null,
        "profil_naziv": null,
        "idnositelj": 9,
        "ime": "Zvonko              ",
        "prezime": "Kostanjčar                    ",
        "titula": "Izv. prof. dr. sc.  "
    },
    {
        "idkolegij": 183381,
        "kolegij_naziv": "Algoritmi i strukture podataka                    ",
        "semestar": "zimski",
        "ects": 6,
        "predavanja": 60,
        "laboratorijske": 6,
        "auditorne": 0,
        "studij": "preddiplomski                 ",
        "smjer": "Računarstvo                                       ",
        "godina": 2,
        "idprofil": null,
        "profil_naziv": null,
        "idnositelj": 10,
        "ime": "Ivica               ",
        "prezime": "Botički                       ",
        "titula": "Prof. dr. sc.       "
    },
    {
        "idkolegij": 183381,
        "kolegij_naziv": "Algoritmi i strukture podataka                    ",
        "semestar": "zimski",
        "ects": 6,
        "predavanja": 60,
        "laboratorijske": 6,
        "auditorne": 0,
        "studij": "preddiplomski                 ",
        "smjer": "Računarstvo                                       ",
        "godina": 2,
        "idprofil": null,
        "profil_naziv": null,
        "idnositelj": 11,
        "ime": "Mirjana             ",
        "prezime": "Domazet-Lošo                  ",
        "titula": "Izv. prof. dr. sc.  "
    },
    {
        "idkolegij": 183381,
        "kolegij_naziv": "Algoritmi i strukture podataka                    ",
        "semestar": "zimski",
        "ects": 6,
        "predavanja": 60,
        "laboratorijske": 6,
        "auditorne": 0,
        "studij": "preddiplomski                 ",
        "smjer": "Računarstvo                                       ",
        "godina": 2,
        "idprofil": null,
        "profil_naziv": null,
        "idnositelj": 12,
        "ime": "Mile                ",
        "prezime": "Šikić                         ",
        "titula": "Prof. dr. sc.       "
    },
    {
        "idkolegij": 183381,
        "kolegij_naziv": "Algoritmi i strukture podataka                    ",
        "semestar": "zimski",
        "ects": 6,
        "predavanja": 60,
        "laboratorijske": 6,
        "auditorne": 0,
        "studij": "preddiplomski                 ",
        "smjer": "Računarstvo                                       ",
        "godina": 2,
        "idprofil": null,
        "profil_naziv": null,
        "idnositelj": 2,
        "ime": "Vedran              ",
        "prezime": "Mornar                        ",
        "titula": "Prof. dr. sc.       "
    },
    {
        "idkolegij": 183421,
        "kolegij_naziv": "Elektromagnetska polja                            ",
        "semestar": "zimski",
        "ects": 5,
        "predavanja": 60,
        "laboratorijske": 15,
        "auditorne": 0,
        "studij": "preddiplomski                 ",
        "smjer": "Elektrotehnika i informacijska tehnologija        ",
        "godina": 3,
        "idprofil": null,
        "profil_naziv": null,
        "idnositelj": 13,
        "ime": "Sead                ",
        "prezime": "Berberović                    ",
        "titula": "Prof. dr. sc.       "
    },
    {
        "idkolegij": 183421,
        "kolegij_naziv": "Elektromagnetska polja                            ",
        "semestar": "zimski",
        "ects": 5,
        "predavanja": 60,
        "laboratorijske": 15,
        "auditorne": 0,
        "studij": "preddiplomski                 ",
        "smjer": "Elektrotehnika i informacijska tehnologija        ",
        "godina": 3,
        "idprofil": null,
        "profil_naziv": null,
        "idnositelj": 14,
        "ime": "Martin              ",
        "prezime": "Dadić                         ",
        "titula": "Prof. dr. sc.       "
    },
    {
        "idkolegij": 183421,
        "kolegij_naziv": "Elektromagnetska polja                            ",
        "semestar": "zimski",
        "ects": 5,
        "predavanja": 60,
        "laboratorijske": 15,
        "auditorne": 0,
        "studij": "preddiplomski                 ",
        "smjer": "Elektrotehnika i informacijska tehnologija        ",
        "godina": 3,
        "idprofil": null,
        "profil_naziv": null,
        "idnositelj": 15,
        "ime": "Željko              ",
        "prezime": "Štih                          ",
        "titula": "Prof. dr. sc.       "
    },
    {
        "idkolegij": 183421,
        "kolegij_naziv": "Elektromagnetska polja                            ",
        "semestar": "zimski",
        "ects": 5,
        "predavanja": 60,
        "laboratorijske": 15,
        "auditorne": 0,
        "studij": "preddiplomski                 ",
        "smjer": "Elektrotehnika i informacijska tehnologija        ",
        "godina": 3,
        "idprofil": null,
        "profil_naziv": null,
        "idnositelj": 16,
        "ime": "Bojan               ",
        "prezime": "Trkulja                       ",
        "titula": "Prof. dr. sc.       "
    },
    {
        "idkolegij": 229862,
        "kolegij_naziv": "Uvod u umjetnu inteligenciju                      ",
        "semestar": "ljetni",
        "ects": 4,
        "predavanja": 45,
        "laboratorijske": 15,
        "auditorne": 0,
        "studij": "preddiplomski                 ",
        "smjer": "Računarstvo                                       ",
        "godina": 3,
        "idprofil": null,
        "profil_naziv": null,
        "idnositelj": 17,
        "ime": "Jan                 ",
        "prezime": "Šnajder                       ",
        "titula": "Izv. prof. dr. sc.  "
    },
    {
        "idkolegij": 229862,
        "kolegij_naziv": "Uvod u umjetnu inteligenciju                      ",
        "semestar": "ljetni",
        "ects": 4,
        "predavanja": 45,
        "laboratorijske": 15,
        "auditorne": 0,
        "studij": "preddiplomski                 ",
        "smjer": "Računarstvo                                       ",
        "godina": 3,
        "idprofil": null,
        "profil_naziv": null,
        "idnositelj": 18,
        "ime": "Marko               ",
        "prezime": "Čupić                         ",
        "titula": "Izv. prof. dr. sc.  "
    },
    {
        "idkolegij": 229862,
        "kolegij_naziv": "Uvod u umjetnu inteligenciju                      ",
        "semestar": "ljetni",
        "ects": 4,
        "predavanja": 45,
        "laboratorijske": 15,
        "auditorne": 0,
        "studij": "preddiplomski                 ",
        "smjer": "Računarstvo                                       ",
        "godina": 3,
        "idprofil": null,
        "profil_naziv": null,
        "idnositelj": 19,
        "ime": "Bojana              ",
        "prezime": "Dalbelo Bašić                 ",
        "titula": "Prof. dr. sc.       "
    },
    {
        "idkolegij": 222496,
        "kolegij_naziv": "Napredni algoritmi i strukture podataka           ",
        "semestar": "zimski",
        "ects": 5,
        "predavanja": 45,
        "laboratorijske": 15,
        "auditorne": 6,
        "studij": "diplomski                     ",
        "smjer": "Računarstvo                                       ",
        "godina": 1,
        "idprofil": 14,
        "profil_naziv": "Znanost o podacima                                ",
        "idnositelj": 22,
        "ime": "Mario               ",
        "prezime": "Brčić                         ",
        "titula": "Doc. dr. sc.        "
    },
    {
        "idkolegij": 222496,
        "kolegij_naziv": "Napredni algoritmi i strukture podataka           ",
        "semestar": "zimski",
        "ects": 5,
        "predavanja": 45,
        "laboratorijske": 15,
        "auditorne": 6,
        "studij": "diplomski                     ",
        "smjer": "Računarstvo                                       ",
        "godina": 1,
        "idprofil": 13,
        "profil_naziv": "Znanost o mrežama                                 ",
        "idnositelj": 22,
        "ime": "Mario               ",
        "prezime": "Brčić                         ",
        "titula": "Doc. dr. sc.        "
    },
    {
        "idkolegij": 222496,
        "kolegij_naziv": "Napredni algoritmi i strukture podataka           ",
        "semestar": "zimski",
        "ects": 5,
        "predavanja": 45,
        "laboratorijske": 15,
        "auditorne": 6,
        "studij": "diplomski                     ",
        "smjer": "Računarstvo                                       ",
        "godina": 1,
        "idprofil": 11,
        "profil_naziv": "Računalno modeliranje u inženjerstvu              ",
        "idnositelj": 22,
        "ime": "Mario               ",
        "prezime": "Brčić                         ",
        "titula": "Doc. dr. sc.        "
    },
    {
        "idkolegij": 222496,
        "kolegij_naziv": "Napredni algoritmi i strukture podataka           ",
        "semestar": "zimski",
        "ects": 5,
        "predavanja": 45,
        "laboratorijske": 15,
        "auditorne": 6,
        "studij": "diplomski                     ",
        "smjer": "Računarstvo                                       ",
        "godina": 1,
        "idprofil": 10,
        "profil_naziv": "Računalno inženjerstvo                            ",
        "idnositelj": 22,
        "ime": "Mario               ",
        "prezime": "Brčić                         ",
        "titula": "Doc. dr. sc.        "
    },
    {
        "idkolegij": 222496,
        "kolegij_naziv": "Napredni algoritmi i strukture podataka           ",
        "semestar": "zimski",
        "ects": 5,
        "predavanja": 45,
        "laboratorijske": 15,
        "auditorne": 6,
        "studij": "diplomski                     ",
        "smjer": "Računarstvo                                       ",
        "godina": 1,
        "idprofil": 9,
        "profil_naziv": "Programsko inženjerstvo i informacijski sustavi   ",
        "idnositelj": 22,
        "ime": "Mario               ",
        "prezime": "Brčić                         ",
        "titula": "Doc. dr. sc.        "
    },
    {
        "idkolegij": 222496,
        "kolegij_naziv": "Napredni algoritmi i strukture podataka           ",
        "semestar": "zimski",
        "ects": 5,
        "predavanja": 45,
        "laboratorijske": 15,
        "auditorne": 6,
        "studij": "diplomski                     ",
        "smjer": "Računarstvo                                       ",
        "godina": 1,
        "idprofil": 12,
        "profil_naziv": "Računarska znanost                                ",
        "idnositelj": 22,
        "ime": "Mario               ",
        "prezime": "Brčić                         ",
        "titula": "Doc. dr. sc.        "
    },
    {
        "idkolegij": 222496,
        "kolegij_naziv": "Napredni algoritmi i strukture podataka           ",
        "semestar": "zimski",
        "ects": 5,
        "predavanja": 45,
        "laboratorijske": 15,
        "auditorne": 6,
        "studij": "diplomski                     ",
        "smjer": "Računarstvo                                       ",
        "godina": 1,
        "idprofil": 14,
        "profil_naziv": "Znanost o podacima                                ",
        "idnositelj": 23,
        "ime": "Marko               ",
        "prezime": "Horvat                        ",
        "titula": "Doc. dr. sc.        "
    },
    {
        "idkolegij": 222496,
        "kolegij_naziv": "Napredni algoritmi i strukture podataka           ",
        "semestar": "zimski",
        "ects": 5,
        "predavanja": 45,
        "laboratorijske": 15,
        "auditorne": 6,
        "studij": "diplomski                     ",
        "smjer": "Računarstvo                                       ",
        "godina": 1,
        "idprofil": 13,
        "profil_naziv": "Znanost o mrežama                                 ",
        "idnositelj": 23,
        "ime": "Marko               ",
        "prezime": "Horvat                        ",
        "titula": "Doc. dr. sc.        "
    },
    {
        "idkolegij": 222496,
        "kolegij_naziv": "Napredni algoritmi i strukture podataka           ",
        "semestar": "zimski",
        "ects": 5,
        "predavanja": 45,
        "laboratorijske": 15,
        "auditorne": 6,
        "studij": "diplomski                     ",
        "smjer": "Računarstvo                                       ",
        "godina": 1,
        "idprofil": 11,
        "profil_naziv": "Računalno modeliranje u inženjerstvu              ",
        "idnositelj": 23,
        "ime": "Marko               ",
        "prezime": "Horvat                        ",
        "titula": "Doc. dr. sc.        "
    },
    {
        "idkolegij": 222496,
        "kolegij_naziv": "Napredni algoritmi i strukture podataka           ",
        "semestar": "zimski",
        "ects": 5,
        "predavanja": 45,
        "laboratorijske": 15,
        "auditorne": 6,
        "studij": "diplomski                     ",
        "smjer": "Računarstvo                                       ",
        "godina": 1,
        "idprofil": 10,
        "profil_naziv": "Računalno inženjerstvo                            ",
        "idnositelj": 23,
        "ime": "Marko               ",
        "prezime": "Horvat                        ",
        "titula": "Doc. dr. sc.        "
    },
    {
        "idkolegij": 222496,
        "kolegij_naziv": "Napredni algoritmi i strukture podataka           ",
        "semestar": "zimski",
        "ects": 5,
        "predavanja": 45,
        "laboratorijske": 15,
        "auditorne": 6,
        "studij": "diplomski                     ",
        "smjer": "Računarstvo                                       ",
        "godina": 1,
        "idprofil": 9,
        "profil_naziv": "Programsko inženjerstvo i informacijski sustavi   ",
        "idnositelj": 23,
        "ime": "Marko               ",
        "prezime": "Horvat                        ",
        "titula": "Doc. dr. sc.        "
    },
    {
        "idkolegij": 222496,
        "kolegij_naziv": "Napredni algoritmi i strukture podataka           ",
        "semestar": "zimski",
        "ects": 5,
        "predavanja": 45,
        "laboratorijske": 15,
        "auditorne": 6,
        "studij": "diplomski                     ",
        "smjer": "Računarstvo                                       ",
        "godina": 1,
        "idprofil": 12,
        "profil_naziv": "Računarska znanost                                ",
        "idnositelj": 23,
        "ime": "Marko               ",
        "prezime": "Horvat                        ",
        "titula": "Doc. dr. sc.        "
    },
    {
        "idkolegij": 222596,
        "kolegij_naziv": "Osnove robotike                                   ",
        "semestar": "zimski",
        "ects": 5,
        "predavanja": 45,
        "laboratorijske": 13,
        "auditorne": 15,
        "studij": "diplomski                     ",
        "smjer": "Informacijska i komunikacijska tehnologija        ",
        "godina": 1,
        "idprofil": 6,
        "profil_naziv": "Automatika i robotika                             ",
        "idnositelj": 20,
        "ime": "Zdenko              ",
        "prezime": "Kovačić                       ",
        "titula": "Prof. dr. sc.       "
    },
    {
        "idkolegij": 222596,
        "kolegij_naziv": "Osnove robotike                                   ",
        "semestar": "zimski",
        "ects": 5,
        "predavanja": 45,
        "laboratorijske": 13,
        "auditorne": 15,
        "studij": "diplomski                     ",
        "smjer": "Informacijska i komunikacijska tehnologija        ",
        "godina": 1,
        "idprofil": 6,
        "profil_naziv": "Automatika i robotika                             ",
        "idnositelj": 21,
        "ime": "Matko               ",
        "prezime": "Orsag                         ",
        "titula": "Izv. prof. dr. sc.  "
    },
    {
        "idkolegij": 222533,
        "kolegij_naziv": "Digitalni integrirani sklopovi                    ",
        "semestar": "ljetni",
        "ects": 5,
        "predavanja": 45,
        "laboratorijske": 12,
        "auditorne": 6,
        "studij": "diplomski                     ",
        "smjer": "Elektrotehnika i informacijska tehnologija        ",
        "godina": 1,
        "idprofil": 4,
        "profil_naziv": "Elektronika                                       ",
        "idnositelj": 24,
        "ime": "Vladimir            ",
        "prezime": "Čeperić                       ",
        "titula": "Izv. prof. dr. sc.  "
    },
    {
        "idkolegij": 222792,
        "kolegij_naziv": "Svemirske tehnologije                             ",
        "semestar": "ljetni",
        "ects": 5,
        "predavanja": 45,
        "laboratorijske": 6,
        "auditorne": 0,
        "studij": "diplomski                     ",
        "smjer": "Informacijska i komunikacijska tehnologija        ",
        "godina": 1,
        "idprofil": 8,
        "profil_naziv": "Komunikacijske i svemirske tehnologije            ",
        "idnositelj": 25,
        "ime": "Dubravko            ",
        "prezime": "Babić                         ",
        "titula": "Izv. prof. dr. sc.  "
    },
    {
        "idkolegij": 222792,
        "kolegij_naziv": "Svemirske tehnologije                             ",
        "semestar": "ljetni",
        "ects": 5,
        "predavanja": 45,
        "laboratorijske": 6,
        "auditorne": 0,
        "studij": "diplomski                     ",
        "smjer": "Informacijska i komunikacijska tehnologija        ",
        "godina": 1,
        "idprofil": 8,
        "profil_naziv": "Komunikacijske i svemirske tehnologije            ",
        "idnositelj": 26,
        "ime": "Tomislav            ",
        "prezime": "Kos                           ",
        "titula": "Prof. dr. sc.       "
    },
    {
        "idkolegij": 222792,
        "kolegij_naziv": "Svemirske tehnologije                             ",
        "semestar": "ljetni",
        "ects": 5,
        "predavanja": 45,
        "laboratorijske": 6,
        "auditorne": 0,
        "studij": "diplomski                     ",
        "smjer": "Informacijska i komunikacijska tehnologija        ",
        "godina": 1,
        "idprofil": 8,
        "profil_naziv": "Komunikacijske i svemirske tehnologije            ",
        "idnositelj": 27,
        "ime": "Josip               ",
        "prezime": "Lončar                        ",
        "titula": "Doc. dr. sc.        "
    }
]